Time,Potential gravitational energy
274.583,130047
274.6,130047
274.617,130047
274.633,130047
274.65,130047
274.667,130047
274.683,130047
274.7,130047
274.717,130047
274.733,130047
274.75,130047
274.767,130047
274.783,130047
274.8,130047
274.817,130047
274.833,130047
274.85,130047
274.867,130047
274.883,130047
274.9,130047
274.917,130047
274.933,130047
274.95,130047
274.967,130047
274.983,130047
275,130047
275.017,130047
275.033,130047
275.05,130047
275.067,130047
275.083,130047
275.1,130047
275.117,130047
275.133,130047
275.15,130047
275.167,130047
275.183,130047
275.2,130047
275.217,130047
275.233,130047
275.25,130047
275.267,130047
275.283,130047
275.3,130047
275.317,130047
275.333,130047
275.35,130047
275.367,130047
275.383,130047
275.4,130046
275.417,130046
275.433,130046
275.45,130046
275.467,130046
275.483,130046
275.5,130046
275.517,130046
275.533,130046
275.55,130046
275.567,130046
275.583,130045
275.6,130045
275.617,130045
275.633,130045
275.65,130045
275.667,130045
275.683,130044
275.7,130044
275.717,130044
275.733,130044
275.75,130043
275.767,130043
275.783,130043
275.8,130042
275.817,130042
275.833,130042
275.85,130041
275.867,130041
275.883,130041
275.9,130040
275.917,130040
275.933,130039
275.95,130039
275.967,130039
275.983,130038
276,130037
276.017,130037
276.033,130036
276.05,130036
276.067,130035
276.083,130034
276.1,130034
276.117,130033
276.133,130032
276.15,130032
276.167,130031
276.183,130030
276.2,130029
276.217,130028
276.233,130027
276.25,130026
276.267,130025
276.283,130024
276.3,130023
276.317,130022
276.333,130020
276.35,130019
276.367,130018
276.383,130016
276.4,130015
276.417,130013
276.433,130012
276.45,130010
276.467,130008
276.483,130006
276.5,130004
276.517,130002
276.533,130000
276.55,129998
276.567,129996
276.583,129993
276.6,129991
276.617,129988
276.633,129985
276.65,129983
276.667,129980
276.683,129975
276.7,129972
276.717,129970
276.733,129966
276.75,129963
276.767,129959
276.783,129955
276.8,129951
276.817,129945
276.833,129941
276.85,129937
276.867,129932
276.883,129927
276.9,129922
276.917,129917
276.933,129910
276.95,129903
276.967,129898
276.983,129892
277,129885
277.017,129878
277.033,129869
277.05,129861
277.067,129854
277.083,129846
277.1,129837
277.117,129827
277.133,129817
277.15,129808
277.167,129798
277.183,129786
277.2,129775
277.217,129764
277.233,129752
277.25,129738
277.267,129725
277.283,129712
277.3,129698
277.317,129682
277.333,129666
277.35,129650
277.367,129634
277.383,129615
277.4,129596
277.417,129578
277.433,129558
277.45,129537
277.467,129516
277.483,129493
277.5,129469
277.517,129445
277.533,129420
277.55,129393
277.567,129366
277.583,129338
277.6,129308
277.617,129277
277.633,129245
277.65,129212
277.667,129177
277.683,129142
277.7,129105
277.717,129066
277.733,129026
277.75,128984
277.767,128941
277.783,128896
277.8,128850
277.817,128803
277.833,128756
277.85,128708
277.867,128659
277.883,128609
277.9,128558
277.917,128507
277.933,128454
277.95,128401
277.967,128347
277.983,128292
278,128236
278.017,128179
278.033,128121
278.05,128062
278.067,128003
278.083,127942
278.1,127881
278.117,127819
278.133,127756
278.15,127692
278.167,127627
278.183,127561
278.2,127495
278.217,127427
278.233,127359
278.25,127290
278.267,127220
278.283,127149
278.3,127077
278.317,127004
278.333,126931
278.35,126856
278.367,126781
278.383,126704
278.4,126627
278.417,126549
278.433,126470
278.45,126391
278.467,126310
278.483,126229
278.5,126146
278.517,126063
278.533,125979
278.55,125894
278.567,125808
278.583,125721
278.6,125634
278.617,125545
278.633,125456
278.65,125365
278.667,125274
278.683,125182
278.7,125089
278.717,124995
278.733,124901
278.75,124805
278.767,124709
278.783,124611
278.8,124513
278.817,124414
278.833,124314
278.85,124213
278.867,124112
278.883,124009
278.9,123906
278.917,123801
278.933,123696
278.95,123590
278.967,123483
278.983,123375
279,123266
279.017,123157
279.033,123046
279.05,122935
279.067,122823
279.083,122709
279.1,122595
279.117,122481
279.133,122365
279.15,122248
279.167,122131
279.183,122012
279.2,121893
279.217,121773
279.233,121652
279.25,121530
279.267,121407
279.283,121283
279.3,121159
279.317,121033
279.333,120907
279.35,120780
279.367,120652
279.383,120523
279.4,120393
279.417,120262
279.433,120131
279.45,119998
279.467,119865
279.483,119731
279.5,119596
279.517,119460
279.533,119323
279.55,119185
279.567,119047
279.583,118907
279.6,118767
279.617,118625
279.633,118483
279.65,118340
279.667,118196
279.683,118052
279.7,117906
279.717,117760
279.733,117612
279.75,117464
279.767,117315
279.783,117165
279.8,117014
279.817,116862
279.833,116709
279.85,116556
279.867,116401
279.883,116246
279.9,116090
279.917,115933
279.933,115775
279.95,115616
279.967,115456
279.983,115296
280,115134
280.017,114972
280.033,114809
280.05,114645
280.067,114480
280.083,114314
280.1,114147
280.117,113980
280.133,113811
280.15,113642
280.167,113472
280.183,113301
280.2,113129
280.217,112956
280.233,112782
280.25,112607
280.267,112432
280.283,112255
280.3,112078
280.317,111900
280.333,111721
280.35,111541
280.367,111360
280.383,111179
280.4,110996
280.417,110813
280.433,110628
280.45,110443
280.467,110257
280.483,110070
280.5,109882
280.517,109694
280.533,109504
280.55,109314
280.567,109122
280.583,108930
280.6,108737
280.617,108543
280.633,108348
280.65,108153
280.667,107956
280.683,107759
280.7,107560
280.717,107361
280.733,107161
280.75,106960
280.767,106758
280.783,106555
280.8,106352
280.817,106147
280.833,105942
280.85,105736
280.867,105529
280.883,105321
280.9,105112
280.917,104902
280.933,104691
280.95,104480
280.967,104267
280.983,104054
281,103840
281.017,103625
281.033,103409
281.05,103192
281.067,102974
281.083,102756
281.1,102536
281.117,102316
281.133,102095
281.15,101873
281.167,101650
281.183,101426
281.2,101201
281.217,100976
281.233,100749
281.25,100522
281.267,100294
281.283,100065
281.3,99834.8
281.317,99603.9
281.333,99372.2
281.35,99139.6
281.367,98906.1
281.383,98671.7
281.4,98436.5
281.417,98200.4
281.433,97963.4
281.45,97725.5
281.467,97486.7
281.483,97247.1
281.5,97006.6
281.517,96765.2
281.533,96522.9
281.55,96279.8
281.567,96035.7
281.583,95790.8
281.6,95545
281.617,95298.4
281.633,95050.8
281.65,94802.4
281.667,94553.1
281.683,94302.9
281.7,94051.9
281.717,93800
281.733,93547.1
281.75,93293.4
281.767,93038.9
281.783,92783.4
281.8,92527.1
281.817,92269.9
281.833,92011.8
281.85,91752.9
281.867,91493
281.883,91232.3
281.9,90970.7
281.917,90708.2
281.933,90444.9
281.95,90180.6
281.967,89915.5
281.983,89649.5
282,89382.6
282.017,89114.9
282.033,88846.3
282.05,88576.8
282.067,88306.4
282.083,88035.1
282.1,87763
282.117,87490
282.133,87216.1
282.15,86941.3
282.167,86665.6
282.183,86389.1
282.2,86111.7
282.217,85833.4
282.233,85554.2
282.25,85274.2
282.267,84993.3
282.283,84711.5
282.3,84428.8
282.317,84145.2
282.333,83860.8
282.35,83575.4
282.367,83289.3
282.383,83002.2
282.4,82714.2
282.417,82425.4
282.433,82135.7
282.45,81845.1
282.467,81553.6
282.483,81261.3
282.5,80968
282.517,80673.9
282.533,80378.9
282.55,80083.1
282.567,79786.3
282.583,79488.7
282.6,79190.2
282.617,78890.9
282.633,78590.6
282.65,78289.5
282.667,77987.5
282.683,77684.6
282.7,77380.8
282.717,77076.2
282.733,76770.6
282.75,76464.3
282.767,76157
282.783,75848.8
282.8,75539.8
282.817,75229.9
282.833,74919.1
282.85,74607.4
282.867,74294.8
282.883,73981.4
282.9,73667.1
282.917,73351.9
282.933,73035.8
282.95,72718.9
282.967,72401.1
282.983,72082.4
283,71762.8
283.017,71442.3
283.033,71121
283.05,70798.8
283.067,70475.7
283.083,70151.7
283.1,69826.8
283.117,69501.1
283.133,69174.5
283.15,68847
283.167,68518.6
283.183,68189.4
283.2,67859.3
283.217,67528.3
283.233,67196.4
283.25,66863.6
283.267,66530
283.283,66195.5
283.3,65860.1
283.317,65523.8
283.333,65186.7
283.35,64848.6
283.367,64509.7
283.383,64169.9
283.4,63829.3
283.417,63487.7
283.433,63145.3
283.45,62802
283.467,62457.8
283.483,62112.8
283.5,61766.8
283.517,61420
283.533,61072.3
283.55,60723.8
283.567,60374.3
283.583,60024
283.6,59672.8
283.617,59320.7
283.633,58967.7
283.65,58613.9
283.667,58259.1
283.683,57903.5
283.7,57547.1
283.717,57189.7
283.733,56831.5
283.75,56472.4
283.767,56112.4
283.783,55751.5
283.8,55389.7
283.817,55027.1
283.833,54663.6
283.85,54299.2
283.867,53934
283.883,53567.8
283.9,53200.8
283.917,52832.9
283.933,52464.1
283.95,52094.5
283.967,51723.9
283.983,51352.5
284,50980.2
284.017,50607
284.033,50233
284.05,49858.1
284.067,49482.3
284.083,49105.6
284.1,48728
284.117,48349.6
284.133,47970.2
284.15,47590
284.167,47209
284.183,46827
284.2,46444.2
284.217,46060.5
284.233,45675.9
284.25,45290.4
284.267,44904.1
284.283,44516.8
284.3,44128.7
284.317,43739.7
284.333,43349.9
284.35,42959.1
284.367,42567.5
284.383,42175
284.4,41781.6
284.417,41387.4
284.433,40992.3
284.45,40596.2
284.467,40199.4
284.483,39801.6
284.5,39402.9
284.517,39003.4
284.533,38603
284.55,38201.7
284.567,37799.6
284.583,37396.5
284.6,36992.6
284.617,36587.8
284.633,36182.1
284.65,35775.6
284.667,35368.1
284.683,34959.8
284.7,34550.6
284.717,34140.6
284.733,33729.6
284.75,33317.8
284.767,32905.1
284.783,32491.5
284.8,32077
284.817,31661.7
284.833,31245.5
284.85,30828.4
284.867,30410.4
284.883,29991.5
284.9,29571.8
284.917,29151.2
284.933,28729.7
284.95,28307.3
284.967,27884.1
284.983,27460
285,27035
285.017,26609.1
285.033,26182.3
285.05,25754.7
285.067,25326.2
285.083,24896.8
285.1,24466.5
285.117,24035.3
285.133,23603.3
285.15,23170.4
285.167,22736.6
285.183,22301.9
285.2,21866.4
285.217,21430
285.233,20992.7
285.25,20554.5
285.267,20115.4
285.283,19675.5
285.3,19234.7
285.317,18793
285.333,18350.4
285.35,17906.9
285.367,17462.6
285.383,17017.4
285.4,16571.3
285.417,16124.3
285.433,15676.5
285.45,15227.8
285.467,14778.2
285.483,14327.7
285.5,13876.3
285.517,13424.1
285.533,12971
285.55,12517
285.567,12062.1
285.583,11606.4
285.6,11149.7
285.617,10692.2
285.633,10233.8
285.65,9774.57
285.667,9314.42
285.683,8853.4
285.7,8391.5
285.717,7928.72
285.733,7465.06
285.75,7000.52
285.767,6535.11
285.783,6068.81
285.8,5601.64
285.817,5133.59
285.833,4664.66
285.85,4194.85
285.867,3724.16
285.883,3724.17
285.9,4193.95
285.917,4661.05
285.933,5125.47
285.95,5587.2
285.967,6046.26
285.983,6502.63
286,6956.32
286.017,7407.33
286.033,7855.65
286.05,8301.3
286.067,8744.26
286.083,9184.54
286.1,9622.14
286.117,10057.1
286.133,10489.3
286.15,10918.8
286.167,11345.7
286.183,11769.9
286.2,12191.4
286.217,12610.2
286.233,13026.4
286.25,13439.8
286.267,13850.6
286.283,14258.7
286.3,14664.1
286.317,15066.8
286.333,15466.9
286.35,15864.3
286.367,16259
286.383,16651
286.4,17040.3
286.417,17426.9
286.433,17810.9
286.45,18192.2
286.467,18570.8
286.483,18946.7
286.5,19319.9
286.517,19690.5
286.533,20058.3
286.55,20423.5
286.567,20786
286.583,21145.8
286.6,21503
286.617,21857.4
286.633,22209.2
286.65,22558.3
286.667,22904.7
286.683,23248.4
286.7,23589.5
286.717,23927.9
286.733,24263.5
286.75,24596.5
286.767,24926.9
286.783,25254.5
286.8,25579.5
286.817,25901.7
286.833,26221.3
286.85,26538.2
286.867,26852.5
286.883,27164
286.9,27472.9
286.917,27779.1
286.933,28082.6
286.95,28383.4
286.967,28681.5
286.983,28977
287,29269.7
287.017,29559.8
287.033,29847.2
287.05,30132
287.067,30414
287.083,30693.4
287.1,30970.1
287.117,31244.1
287.133,31515.4
287.15,31784
287.167,32050
287.183,32313.2
287.2,32573.8
287.217,32831.7
287.233,33086.9
287.25,33339.5
287.267,33589.4
287.283,33836.5
287.3,34081
287.317,34322.9
287.333,34562
287.35,34798.4
287.367,35032.2
287.383,35263.3
287.4,35491.7
287.417,35717.4
287.433,35940.5
287.45,36160.8
287.467,36378.5
287.483,36593.5
287.5,36805.8
287.517,37015.5
287.533,37222.4
287.55,37426.7
287.567,37628.3
287.583,37827.2
287.6,38023.4
287.617,38216.9
287.633,38407.8
287.65,38596
287.667,38781.5
287.683,38964.3
287.7,39144.4
287.717,39321.9
287.733,39496.6
287.75,39668.7
287.767,39838.1
287.783,40004.8
287.8,40168.9
287.817,40330.2
287.833,40488.9
287.85,40644.9
287.867,40798.2
287.883,40948.8
287.9,41096.8
287.917,41242
287.933,41384.6
287.95,41524.5
287.967,41661.8
287.983,41796.3
288,41928.1
288.017,42057.3
288.033,42183.8
288.05,42307.6
288.067,42428.8
288.083,42547.2
288.1,42663
288.117,42776.1
288.133,42886.5
288.15,42994.2
288.167,43099.2
288.183,43201.6
288.2,43301.2
288.217,43398.2
288.233,43492.5
288.25,43584.2
288.267,43673.1
288.283,43759.4
288.3,43843
288.317,43923.9
288.333,44002.1
288.35,44077.6
288.367,44150.5
288.383,44220.6
288.4,44288.1
288.417,44352.9
288.433,44415.1
288.45,44474.5
288.467,44531.3
288.483,44585.3
288.5,44636.7
288.517,44685.5
288.533,44731.5
288.55,44774.8
288.567,44815.5
288.583,44853.5
288.6,44888.8
288.617,44921.4
288.633,44951.4
288.65,44978.6
288.667,45003.2
288.683,45025.1
288.7,45044.3
288.717,45060.9
288.733,45074.7
288.75,45085.9
288.767,45094.4
288.783,45100.2
288.8,45103.3
288.817,45103.7
288.833,45101.5
288.85,45096.6
288.867,45089
288.883,45078.7
288.9,45065.7
288.917,45050.1
288.933,45031.7
288.95,45010.7
288.967,44987
288.983,44960.6
289,44931.6
289.017,44899.8
289.033,44865.4
289.05,44828.3
289.067,44788.5
289.083,44746.1
289.1,44700.9
289.117,44653.1
289.133,44602.6
289.15,44549.4
289.167,44493.5
289.183,44434.9
289.2,44373.7
289.217,44309.7
289.233,44243.1
289.25,44173.8
289.267,44101.9
289.283,44027.2
289.3,43949.9
289.317,43869.9
289.333,43787.2
289.35,43701.8
289.367,43613.7
289.383,43523
289.4,43429.6
289.417,43333.4
289.433,43234.6
289.45,43133.2
289.467,43029
289.483,42922.2
289.5,42812.7
289.517,42700.5
289.533,42585.6
289.55,42468
289.567,42347.8
289.583,42224.8
289.6,42099.2
289.617,41970.9
289.633,41840
289.65,41706.3
289.667,41570
289.683,41431
289.7,41289.3
289.717,41144.9
289.733,40997.8
289.75,40848.1
289.767,40695.6
289.783,40540.5
289.8,40382.7
289.817,40222.3
289.833,40059.1
289.85,39893.3
289.867,39724.7
289.883,39553.5
289.9,39379.6
289.917,39203.1
289.933,39023.8
289.95,38841.9
289.967,38657.3
289.983,38470
290,38280
290.017,38087.4
290.033,37892
290.05,37694
290.067,37493.3
290.083,37289.9
290.1,37083.8
290.117,36875.1
290.133,36663.6
290.15,36449.5
290.167,36232.7
290.183,36013.3
290.2,35791.1
290.217,35566.3
290.233,35338.7
290.25,35108.5
290.267,34875.6
290.283,34640.1
290.3,34401.8
290.317,34160.9
290.333,33917.3
290.35,33671
290.367,33422
290.383,33170.3
290.4,32916
290.417,32659
290.433,32399.3
290.45,32136.9
290.467,31871.8
290.483,31604
290.5,31333.6
290.517,31060.5
290.533,30784.7
290.55,30506.2
290.567,30225.1
290.583,29941.2
290.6,29654.7
290.617,29365.5
290.633,29073.6
290.65,28779
290.667,28481.8
290.683,28181.8
290.7,27879.2
290.717,27573.9
290.733,27265.9
290.75,26955.3
290.767,26641.9
290.783,26325.9
290.8,26007.2
290.817,25685.8
290.833,25361.7
290.85,25034.9
290.867,24705.5
290.883,24373.4
290.9,24038.6
290.917,23701.1
290.933,23360.9
290.95,23018.1
290.967,22672.6
290.983,22324.3
291,21973.5
291.017,21619.9
291.033,21263.6
291.05,20904.7
291.067,20543.1
291.083,20178.8
291.1,19811.8
291.117,19442.1
291.133,19069.8
291.15,18694.7
291.167,18317
291.183,17936.6
291.2,17553.5
291.217,17167.8
291.233,16779.3
291.25,16388.2
291.267,15994.4
291.283,15597.9
291.3,15198.8
291.317,14796.9
291.333,14392.4
291.35,13985.2
291.367,13575.3
291.383,13162.7
291.4,12747.4
291.417,12329.5
291.433,11908.9
291.45,11485.6
291.467,11059.6
291.483,10630.9
291.5,10199.6
291.517,9765.52
291.533,9328.8
291.55,8889.4
291.567,8447.32
291.583,8002.56
291.6,7555.12
291.617,7104.99
291.633,6652.18
291.65,6196.69
291.667,5738.52
291.683,5277.67
291.7,4814.13
291.717,4347.91
291.733,3879.01
291.75,3879.01
291.767,4347.91
291.783,4814.13
291.8,5277.67
291.817,5738.52
291.833,6196.69
291.85,6652.18
291.867,7104.99
291.883,7555.12
291.9,8002.56
291.917,8447.32
291.933,8889.4
291.95,9328.8
291.967,9765.52
291.983,10199.6
292,10630.9
292.017,11059.6
292.033,11485.6
292.05,11908.9
292.067,12329.5
292.083,12747.4
292.1,13162.7
292.117,13575.3
292.133,13985.2
292.15,14392.4
292.167,14796.9
292.183,15198.8
292.2,15597.9
292.217,15994.4
292.233,16388.2
292.25,16779.3
292.267,17167.8
292.283,17553.5
292.3,17936.6
292.317,18317
292.333,18694.7
292.35,19069.8
292.367,19442.1
292.383,19811.8
292.4,20178.8
292.417,20543.1
292.433,20904.7
292.45,21263.6
292.467,21619.9
292.483,21973.5
292.5,22324.4
292.517,22672.6
292.533,23018.1
292.55,23360.9
292.567,23701.1
292.583,24038.6
292.6,24373.4
292.617,24705.5
292.633,25035
292.65,25361.7
292.667,25685.8
292.683,26007.2
292.7,26325.9
292.717,26641.9
292.733,26955.3
292.75,27265.9
292.767,27573.9
292.783,27879.2
292.8,28181.8
292.817,28481.8
292.833,28779
292.85,29073.6
292.867,29365.5
292.883,29654.7
292.9,29941.2
292.917,30225.1
292.933,30506.2
292.95,30784.7
292.967,31060.5
292.983,31333.6
293,31604
293.017,31871.8
293.033,32136.9
293.05,32399.3
293.067,32659
293.083,32916
293.1,33170.3
293.117,33422
293.133,33671
293.15,33917.3
293.167,34160.9
293.183,34401.8
293.2,34640.1
293.217,34875.6
293.233,35108.5
293.25,35338.7
293.267,35566.3
293.283,35791.1
293.3,36013.3
293.317,36232.7
293.333,36449.5
293.35,36663.6
293.367,36875.1
293.383,37083.8
293.4,37289.9
293.417,37493.3
293.433,37694
293.45,37892
293.467,38087.4
293.483,38280
293.5,38470
293.517,38657.3
293.533,38841.9
293.55,39023.8
293.567,39203.1
293.583,39379.6
293.6,39553.5
293.617,39724.7
293.633,39893.3
293.65,40059.1
293.667,40222.3
293.683,40382.7
293.7,40540.5
293.717,40695.6
293.733,40848.1
293.75,40997.8
293.767,41144.9
293.783,41289.3
293.8,41431
293.817,41570
293.833,41706.3
293.85,41840
293.867,41970.9
293.883,42099.2
293.9,42224.8
293.917,42347.8
293.933,42468
293.95,42585.6
293.967,42700.5
293.983,42812.7
294,42922.2
294.017,43029
294.033,43133.2
294.05,43234.6
294.067,43333.4
294.083,43429.6
294.1,43523
294.117,43613.7
294.133,43701.8
294.15,43787.2
294.167,43869.9
294.183,43949.9
294.2,44027.2
294.217,44101.9
294.233,44173.8
294.25,44243.1
294.267,44309.7
294.283,44373.7
294.3,44434.9
294.317,44493.5
294.333,44549.4
294.35,44602.6
294.367,44653.1
294.383,44700.9
294.4,44746.1
294.417,44788.5
294.433,44828.3
294.45,44865.4
294.467,44899.8
294.483,44931.6
294.5,44960.6
294.517,44987
294.533,45010.7
294.55,45031.7
294.567,45050.1
294.583,45065.7
294.6,45078.7
294.617,45089
294.633,45096.6
294.65,45101.5
294.667,45103.7
294.683,45103.3
294.7,45100.2
294.717,45094.4
294.733,45085.9
294.75,45074.7
294.767,45060.9
294.783,45044.3
294.8,45025.1
294.817,45003.2
294.833,44978.6
294.85,44951.4
294.867,44921.4
294.883,44888.8
294.9,44853.5
294.917,44815.5
294.933,44774.8
294.95,44731.5
294.967,44685.5
294.983,44636.7
295,44585.3
295.017,44531.3
295.033,44474.5
295.05,44415.1
295.067,44352.9
295.083,44288.1
295.1,44220.6
295.117,44150.5
295.133,44077.6
295.15,44002.1
295.167,43923.9
295.183,43843
295.2,43759.4
295.217,43673.1
295.233,43584.2
295.25,43492.5
295.267,43398.2
295.283,43301.2
295.3,43201.6
295.317,43099.2
295.333,42994.2
295.35,42886.5
295.367,42776.1
295.383,42663
295.4,42547.2
295.417,42428.8
295.433,42307.6
295.45,42183.8
295.467,42057.3
295.483,41928.1
295.5,41796.3
295.517,41661.8
295.533,41524.5
295.55,41384.6
295.567,41242
295.583,41096.8
295.6,40948.8
295.617,40798.2
295.633,40644.9
295.65,40488.9
295.667,40330.2
295.683,40168.9
295.7,40004.8
295.717,39838.1
295.733,39668.7
295.75,39496.6
295.767,39321.9
295.783,39144.4
295.8,38964.3
295.817,38781.5
295.833,38596
295.85,38407.8
295.867,38216.9
295.883,38023.4
295.9,37827.2
295.917,37628.3
295.933,37426.7
295.95,37222.4
295.967,37015.5
295.983,36805.8
296,36593.5
296.017,36378.5
296.033,36160.8
296.05,35940.5
296.067,35717.4
296.083,35491.7
296.1,35263.3
296.117,35032.2
296.133,34798.4
296.15,34562
296.167,34322.8
296.183,34081
296.2,33836.5
296.217,33589.4
296.233,33339.5
296.25,33086.9
296.267,32831.7
296.283,32573.8
296.3,32313.2
296.317,32050
296.333,31784
296.35,31515.4
296.367,31244.1
296.383,30970.1
296.4,30693.4
296.417,30414
296.433,30132
296.45,29847.2
296.467,29559.8
296.483,29269.7
296.5,28977
296.517,28681.5
296.533,28383.4
296.55,28082.6
296.567,27779.1
296.583,27472.9
296.6,27164
296.617,26852.5
296.633,26538.2
296.65,26221.3
296.667,25901.7
296.683,25579.5
296.7,25254.5
296.717,24926.9
296.733,24596.5
296.75,24263.5
296.767,23927.9
296.783,23589.5
296.8,23248.4
296.817,22904.7
296.833,22558.3
296.85,22209.2
296.867,21857.4
296.883,21503
296.9,21145.8
296.917,20786
296.933,20423.5
296.95,20058.3
296.967,19690.5
296.983,19319.9
297,18946.7
297.017,18570.8
297.033,18192.2
297.05,17810.9
297.067,17426.9
297.083,17040.3
297.1,16651
297.117,16259
297.133,15864.3
297.15,15466.9
297.167,15066.9
297.183,14664.1
297.2,14258.7
297.217,13850.6
297.233,13439.8
297.25,13026.4
297.267,12610.2
297.283,12191.4
297.3,11769.9
297.317,11345.7
297.333,10918.8
297.35,10489.3
297.367,10057.1
297.383,9622.14
297.4,9184.54
297.417,8744.26
297.433,8301.3
297.45,7855.66
297.467,7407.33
297.483,6956.32
297.5,6502.63
297.517,6046.26
297.533,5587.2
297.55,5125.47
297.567,4661.05
297.583,4193.95
297.6,3724.17
297.617,3724.17
297.633,4193.95
297.65,4661.05
297.667,5125.46
297.683,5587.2
297.7,6046.25
297.717,6502.62
297.733,6956.31
297.75,7407.32
297.767,7855.65
297.783,8301.29
297.8,8744.25
297.817,9184.53
297.833,9622.13
297.85,10057
297.867,10489.3
297.883,10918.8
297.9,11345.7
297.917,11769.9
297.933,12191.4
297.95,12610.2
297.967,13026.4
297.983,13439.8
298,13850.6
298.017,14258.7
298.033,14664.1
298.05,15066.9
298.067,15466.9
298.083,15864.3
298.1,16259
298.117,16651
298.133,17040.3
298.15,17426.9
298.167,17810.9
298.183,18192.2
298.2,18570.8
298.217,18946.7
298.233,19319.9
298.25,19690.5
298.267,20058.3
298.283,20423.5
298.3,20786
298.317,21145.8
298.333,21503
298.35,21857.4
298.367,22209.2
298.383,22558.3
298.4,22904.7
298.417,23248.4
298.433,23589.5
298.45,23927.9
298.467,24263.5
298.483,24596.5
298.5,24926.9
298.517,25254.5
298.533,25579.5
298.55,25901.7
298.567,26221.3
298.583,26538.2
298.6,26852.5
298.617,27164
298.633,27472.9
298.65,27779.1
298.667,28082.6
298.683,28383.4
298.7,28681.5
298.717,28977
298.733,29269.7
298.75,29559.8
298.767,29847.2
298.783,30132
298.8,30414
298.817,30693.4
298.833,30970.1
298.85,31244.1
298.867,31515.4
298.883,31784
298.9,32050
298.917,32313.2
298.933,32573.8
298.95,32831.7
298.967,33087
298.983,33339.5
299,33589.4
299.017,33836.5
299.033,34081
299.05,34322.9
299.067,34562
299.083,34798.4
299.1,35032.2
299.117,35263.3
299.133,35491.7
299.15,35717.4
299.167,35940.5
299.183,36160.8
299.2,36378.5
299.217,36593.5
299.233,36805.8
299.25,37015.4
299.267,37222.4
299.283,37426.7
299.3,37628.3
299.317,37827.2
299.333,38023.4
299.35,38216.9
299.367,38407.8
299.383,38596
299.4,38781.5
299.417,38964.3
299.433,39144.4
299.45,39321.8
299.467,39496.6
299.483,39668.7
299.5,39838.1
299.517,40004.8
299.533,40168.9
299.55,40330.2
299.567,40488.9
299.583,40644.9
299.6,40798.2
299.617,40948.8
299.633,41096.8
299.65,41242.1
299.667,41384.6
299.683,41524.5
299.7,41661.8
299.717,41796.3
299.733,41928.2
299.75,42057.3
299.767,42183.8
299.783,42307.6
299.8,42428.8
299.817,42547.2
299.833,42663
299.85,42776.1
299.867,42886.5
299.883,42994.2
299.9,43099.2
299.917,43201.6
299.933,43301.2
299.95,43398.2
299.967,43492.5
299.983,43584.2
300,43673.1
300.017,43759.4
300.033,43843
300.05,43923.9
300.067,44002.1
300.083,44077.6
300.1,44150.5
300.117,44220.6
300.133,44288.1
300.15,44352.9
300.167,44415.1
300.183,44474.5
300.2,44531.3
300.217,44585.3
300.233,44636.7
300.25,44685.5
300.267,44731.5
300.283,44774.8
300.3,44815.5
300.317,44853.5
300.333,44888.8
300.35,44921.4
300.367,44951.4
300.383,44978.6
300.4,45003.2
300.417,45025.1
300.433,45044.3
300.45,45060.9
300.467,45074.7
300.483,45085.9
300.5,45094.4
300.517,45100.2
300.533,45103.3
300.55,45103.7
300.567,45101.5
300.583,45096.6
300.6,45089
300.617,45078.7
300.633,45065.7
300.65,45050.1
300.667,45031.7
300.683,45010.7
300.7,44987
300.717,44960.6
300.733,44931.6
300.75,44899.8
300.767,44865.4
300.783,44828.3
300.8,44788.5
300.817,44746
300.833,44700.9
300.85,44653.1
300.867,44602.5
300.883,44549.3
300.9,44493.5
300.917,44434.9
300.933,44373.7
300.95,44309.7
300.967,44243.1
300.983,44173.8
301,44101.9
301.017,44027.2
301.033,43949.9
301.05,43869.9
301.067,43787.2
301.083,43701.8
301.1,43613.7
301.117,43523
301.133,43429.6
301.15,43333.4
301.167,43234.7
301.183,43133.2
301.2,43029
301.217,42922.2
301.233,42812.7
301.25,42700.5
301.267,42585.6
301.283,42468
301.3,42347.8
301.317,42224.9
301.333,42099.2
301.35,41970.9
301.367,41840
301.383,41706.3
301.4,41570
301.417,41431
301.433,41289.3
301.45,41144.9
301.467,40997.8
301.483,40848.1
301.5,40695.6
301.517,40540.5
301.533,40382.7
301.55,40222.2
301.567,40059.1
301.583,39893.3
301.6,39724.7
301.617,39553.5
301.633,39379.6
301.65,39203.1
301.667,39023.8
301.683,38841.9
301.7,38657.3
301.717,38470
301.733,38280
301.75,38087.4
301.767,37892
301.783,37694
301.8,37493.3
301.817,37289.9
301.833,37083.8
301.85,36875.1
301.867,36663.7
301.883,36449.5
301.9,36232.7
301.917,36013.3
301.933,35791.1
301.95,35566.3
301.967,35338.7
301.983,35108.5
302,34875.6
302.017,34640.1
302.033,34401.8
302.05,34160.9
302.067,33917.3
302.083,33671
302.1,33422
302.117,33170.3
302.133,32916
302.15,32659
302.167,32399.3
302.183,32136.9
302.2,31871.8
302.217,31604
302.233,31333.6
302.25,31060.5
302.267,30784.7
302.283,30506.2
302.3,30225
302.317,29941.2
302.333,29654.7
302.35,29365.5
302.367,29073.6
302.383,28779
302.4,28481.8
302.417,28181.8
302.433,27879.2
302.45,27573.9
302.467,27265.9
302.483,26955.3
302.5,26641.9
302.517,26325.9
302.533,26007.2
302.55,25685.8
302.567,25361.7
302.583,25035
302.6,24705.5
302.617,24373.4
302.633,24038.6
302.65,23701.1
302.667,23360.9
302.683,23018.1
302.7,22672.6
302.717,22324.4
302.733,21973.5
302.75,21619.9
302.767,21263.6
302.783,20904.7
302.8,20543.1
302.817,20178.8
302.833,19811.8
302.85,19442.1
302.867,19069.8
302.883,18694.7
302.9,18317
302.917,17936.6
302.933,17553.5
302.95,17167.8
302.967,16779.3
302.983,16388.2
303,15994.4
303.017,15597.9
303.033,15198.8
303.05,14796.9
303.067,14392.4
303.083,13985.2
303.1,13575.3
303.117,13162.7
303.133,12747.4
303.15,12329.5
303.167,11908.9
303.183,11485.6
303.2,11059.6
303.217,10630.9
303.233,10199.5
303.25,9765.51
303.267,9328.8
303.283,8889.4
303.3,8447.32
303.317,8002.56
303.333,7555.12
303.35,7104.99
303.367,6652.19
303.383,6196.7
303.4,5738.53
303.417,5277.67
303.433,4814.14
303.45,4347.92
303.467,3879.02
303.483,3879.02
303.5,4347.92
303.517,4814.14
303.533,5277.67
303.55,5738.53
303.567,6196.7
303.583,6652.19
303.6,7104.99
303.617,7555.12
303.633,8002.56
303.65,8447.32
303.667,8889.4
303.683,9328.8
303.7,9765.52
303.717,10199.5
303.733,10630.9
303.75,11059.6
303.767,11485.6
303.783,11908.9
303.8,12329.5
303.817,12747.4
303.833,13162.7
303.85,13575.3
303.867,13985.2
303.883,14392.4
303.9,14796.9
303.917,15198.8
303.933,15597.9
303.95,15994.4
303.967,16388.2
303.983,16779.3
304,17167.8
304.017,17553.5
304.033,17936.6
304.05,18317
304.067,18694.7
304.083,19069.8
304.1,19442.1
304.117,19811.8
304.133,20178.8
304.15,20543.1
304.167,20904.7
304.183,21263.6
304.2,21619.9
304.217,21973.5
304.233,22324.4
304.25,22672.6
304.267,23018.1
304.283,23360.9
304.3,23701.1
304.317,24038.6
304.333,24373.4
304.35,24705.5
304.367,25035
304.383,25361.7
304.4,25685.8
304.417,26007.2
304.433,26325.9
304.45,26641.9
304.467,26955.3
304.483,27265.9
304.5,27573.9
304.517,27879.2
304.533,28181.8
304.55,28481.8
304.567,28779
304.583,29073.6
304.6,29365.5
304.617,29654.7
304.633,29941.2
304.65,30225.1
304.667,30506.2
304.683,30784.7
304.7,31060.5
304.717,31333.6
304.733,31604
304.75,31871.8
304.767,32136.9
304.783,32399.3
304.8,32659
304.817,32916
304.833,33170.3
304.85,33422
304.867,33671
304.883,33917.3
304.9,34160.9
304.917,34401.8
304.933,34640.1
304.95,34875.6
304.967,35108.5
304.983,35338.7
305,35566.3
305.017,35791.1
305.033,36013.3
305.05,36232.7
305.067,36449.5
305.083,36663.7
305.1,36875.1
305.117,37083.8
305.133,37289.9
305.15,37493.3
305.167,37694
305.183,37892
305.2,38087.4
305.217,38280
305.233,38470
305.25,38657.3
305.267,38841.9
305.283,39023.8
305.3,39203.1
305.317,39379.6
305.333,39553.5
305.35,39724.7
305.367,39893.2
305.383,40059.1
305.4,40222.2
305.417,40382.7
305.433,40540.5
305.45,40695.6
305.467,40848.1
305.483,40997.8
305.5,41144.9
305.517,41289.3
305.533,41431
305.55,41570
305.567,41706.3
305.583,41840
305.6,41970.9
305.617,42099.2
305.633,42224.8
305.65,42347.8
305.667,42468
305.683,42585.6
305.7,42700.5
305.717,42812.7
305.733,42922.2
305.75,43029
305.767,43133.2
305.783,43234.7
305.8,43333.4
305.817,43429.6
305.833,43523
305.85,43613.7
305.867,43701.8
305.883,43787.2
305.9,43869.9
305.917,43949.9
305.933,44027.2
305.95,44101.9
305.967,44173.8
305.983,44243.1
306,44309.7
306.017,44373.7
306.033,44434.9
306.05,44493.5
306.067,44549.3
306.083,44602.5
306.1,44653.1
306.117,44700.9
306.133,44746
306.15,44788.5
306.167,44828.3
306.183,44865.4
306.2,44899.8
306.217,44931.6
306.233,44960.6
306.25,44987
306.267,45010.7
306.283,45031.7
306.3,45050.1
306.317,45065.7
306.333,45078.7
306.35,45089
306.367,45096.6
306.383,45101.5
306.4,45103.7
306.417,45103.3
306.433,45100.2
306.45,45094.4
306.467,45085.9
306.483,45074.7
306.5,45060.9
306.517,45044.3
306.533,45025.1
306.55,45003.2
306.567,44978.6
306.583,44951.4
306.6,44921.4
306.617,44888.8
306.633,44853.5
306.65,44815.5
306.667,44774.8
306.683,44731.5
306.7,44685.5
306.717,44636.7
306.733,44585.3
306.75,44531.3
306.767,44474.5
306.783,44415.1
306.8,44352.9
306.817,44288.1
306.833,44220.6
306.85,44150.5
306.867,44077.6
306.883,44002.1
306.9,43923.9
306.917,43842.9
306.933,43759.4
306.95,43673.1
306.967,43584.2
306.983,43492.5
307,43398.2
307.017,43301.2
307.033,43201.6
307.05,43099.2
307.067,42994.2
307.083,42886.5
307.1,42776.1
307.117,42663
307.133,42547.2
307.15,42428.8
307.167,42307.6
307.183,42183.8
307.2,42057.3
307.217,41928.2
307.233,41796.3
307.25,41661.8
307.267,41524.5
307.283,41384.6
307.3,41242.1
307.317,41096.8
307.333,40948.8
307.35,40798.2
307.367,40644.9
307.383,40488.9
307.4,40330.2
307.417,40168.9
307.433,40004.8
307.45,39838.1
307.467,39668.7
307.483,39496.6
307.5,39321.9
307.517,39144.4
307.533,38964.3
307.55,38781.5
307.567,38596
307.583,38407.8
307.6,38216.9
307.617,38023.4
307.633,37827.2
307.65,37628.3
307.667,37426.7
307.683,37222.4
307.7,37015.4
307.717,36805.8
307.733,36593.5
307.75,36378.5
307.767,36160.8
307.783,35940.5
307.8,35717.4
307.817,35491.7
307.833,35263.3
307.85,35032.2
307.867,34798.4
307.883,34562
307.9,34322.9
307.917,34081
307.933,33836.5
307.95,33589.4
307.967,33339.5
307.983,33087
308,32831.7
308.017,32573.8
308.033,32313.2
308.05,32050
308.067,31784
308.083,31515.4
308.1,31244.1
308.117,30970.1
308.133,30693.4
308.15,30414
308.167,30132
308.183,29847.2
308.2,29559.8
308.217,29269.7
308.233,28977
308.25,28681.5
308.267,28383.4
308.283,28082.6
308.3,27779.1
308.317,27472.9
308.333,27164
308.35,26852.5
308.367,26538.2
308.383,26221.3
308.4,25901.7
308.417,25579.5
308.433,25254.5
308.45,24926.9
308.467,24596.5
308.483,24263.5
308.5,23927.9
308.517,23589.5
308.533,23248.4
308.55,22904.7
308.567,22558.3
308.583,22209.2
308.6,21857.4
308.617,21503
308.633,21145.8
308.65,20786
308.667,20423.5
308.683,20058.3
308.7,19690.5
308.717,19319.9
308.733,18946.7
308.75,18570.8
308.767,18192.2
308.783,17810.9
308.8,17426.9
308.817,17040.3
308.833,16651
308.85,16259
308.867,15864.3
308.883,15466.9
308.9,15066.9
308.917,14664.1
308.933,14258.7
308.95,13850.6
308.967,13439.8
308.983,13026.4
309,12610.2
309.017,12191.4
309.033,11769.9
309.05,11345.7
309.067,10918.8
309.083,10489.3
309.1,10057
309.117,9622.13
309.133,9184.53
309.15,8744.25
309.167,8301.29
309.183,7855.65
309.2,7407.32
309.217,6956.31
309.233,6502.62
309.25,6046.25
309.267,5587.2
309.283,5125.46
309.3,4661.04
309.317,4193.95
309.333,3951.33
309.35,3954.17
309.367,3975.29
309.383,3993.74
309.4,4009.5
309.417,4022.58
309.433,4032.98
309.45,4040.7
309.467,4045.73
309.483,4048.09
309.5,4047.76
309.517,4044.75
309.533,4039.05
309.55,4030.68
309.567,4019.62
309.583,4005.88
309.6,3989.46
309.617,3980.79
309.633,3981.52
309.65,3982.1
309.667,3981.84
309.683,3980.94
309.7,3979.61
309.717,3978
309.733,3976.21
309.75,3974.31
309.767,3972.33
309.783,3970.3
309.8,3968.24
309.817,3966.15
309.833,3964.06
309.85,3961.95
309.867,3959.84
309.883,3957.72
309.9,3955.61
309.917,3953.49
309.933,3951.37
309.95,3949.25
309.967,3947.12
309.983,3945
310,3942.88
310.017,3940.76
310.033,3940.76
310.05,3941.54
310.067,3939.64
310.083,3939.64
310.1,3941.54
310.117,3940.76
310.133,3940.76
310.15,3941.54
310.167,3939.64
310.183,3939.64
310.2,3941.55
310.217,3940.76
310.233,3940.77
310.25,3941.55
310.267,3939.65
310.283,4027.85
310.3,4206.6
310.317,4383.09
310.333,4556.9
310.35,4728.03
310.367,4896.48
310.383,5062.24
310.4,5225.33
310.417,5385.73
310.433,5543.45
310.45,5698.48
310.467,5850.84
310.483,6000.51
310.5,6147.5
310.517,6291.81
310.533,6433.44
310.55,6572.38
310.567,6708.65
310.583,6842.23
310.6,6973.13
310.617,7101.34
310.633,7226.88
310.65,7349.73
310.667,7469.91
310.683,7587.4
310.7,7702.2
310.717,7814.33
310.733,7923.77
310.75,8030.53
310.767,8134.61
310.783,8236.01
310.8,8334.73
310.817,8430.76
310.833,8524.11
310.85,8614.78
310.867,8702.77
310.883,8788.08
310.9,8870.7
310.917,8950.65
310.933,9027.91
310.95,9102.48
310.967,9174.38
310.983,9243.6
311,9310.13
311.017,9373.98
311.033,9435.15
311.05,9493.63
311.067,9549.44
311.083,9602.56
311.1,9653
311.117,9700.76
311.133,9745.84
311.15,9788.23
311.167,9827.95
311.183,9864.98
311.2,9899.33
311.217,9931
311.233,9959.98
311.25,9986.28
311.267,10009.9
311.283,10030.8
311.3,10049.1
311.317,10064.7
311.333,10077.6
311.35,10087.8
311.367,10095.3
311.383,10100.2
311.4,10102.3
311.417,10101.8
311.433,10098.6
311.45,10092.7
311.467,10084.2
311.483,10072.9
311.5,10059
311.517,10042.4
311.533,10023.1
311.55,10001.1
311.567,9976.48
311.583,9949.15
311.6,9919.13
311.617,9886.43
311.633,9851.05
311.65,9812.99
311.667,9772.24
311.683,9728.82
311.7,9682.71
311.717,9633.92
311.733,9582.44
311.75,9528.29
311.767,9471.45
311.783,9411.94
311.8,9349.74
311.817,9284.85
311.833,9217.29
311.85,9147.04
311.867,9074.11
311.883,8998.5
311.9,8920.21
311.917,8839.24
311.933,8755.58
311.95,8669.24
311.967,8580.23
311.983,8488.52
312,8394.14
312.017,8297.07
312.033,8197.33
312.05,8094.9
312.067,7989.78
312.083,7881.99
312.1,7771.52
312.117,7658.36
312.133,7542.52
312.15,7424
312.167,7302.8
312.183,7178.91
312.2,7052.34
312.217,6923.1
312.233,6791.16
312.25,6656.55
312.267,6519.26
312.283,6379.28
312.3,6236.62
312.317,6091.28
312.333,5943.26
312.35,5792.55
312.367,5639.17
312.383,5483.1
312.4,5324.35
312.417,5162.92
312.433,4998.8
312.45,4832.01
312.467,4662.53
312.483,4490.37
312.5,4315.53
312.517,4138
312.533,3957.8
312.55,3957.8
312.567,4138
312.583,4315.53
312.6,4490.37
312.617,4662.53
312.633,4832.01
312.65,4998.8
312.667,5162.92
312.683,5324.35
312.7,5483.1
312.717,5639.17
312.733,5792.56
312.75,5943.26
312.767,6091.28
312.783,6236.62
312.8,6379.28
312.817,6519.26
312.833,6656.55
312.85,6791.17
312.867,6923.1
312.883,7052.35
312.9,7178.91
312.917,7302.8
312.933,7424
312.95,7542.52
312.967,7658.36
312.983,7771.52
313,7882
313.017,7989.79
313.033,8094.9
313.05,8197.33
313.067,8297.08
313.083,8394.15
313.1,8488.53
313.117,8580.23
313.133,8669.25
313.15,8755.59
313.167,8839.25
313.183,8920.22
313.2,8998.51
313.217,9074.12
313.233,9147.05
313.25,9217.3
313.267,9284.86
313.283,9349.74
313.3,9411.94
313.317,9471.46
313.333,9528.3
313.35,9582.45
313.367,9633.93
313.383,9682.72
313.4,9728.82
313.417,9772.25
313.433,9813
313.45,9851.06
313.467,9886.44
313.483,9919.14
313.5,9949.16
313.517,9976.49
313.533,10001.1
313.55,10023.1
313.567,10042.4
313.583,10059
313.6,10072.9
313.617,10084.2
313.633,10092.7
313.65,10098.6
313.667,10101.8
313.683,10102.3
313.7,10100.2
313.717,10095.3
313.733,10087.8
313.75,10077.6
313.767,10064.7
313.783,10049.1
313.8,10030.9
313.817,10009.9
313.833,9986.29
313.85,9959.99
313.867,9931
313.883,9899.33
313.9,9864.99
313.917,9827.95
313.933,9788.24
313.95,9745.85
313.967,9700.77
313.983,9653.01
314,9602.57
314.017,9549.44
314.033,9493.64
314.05,9435.15
314.067,9373.98
314.083,9310.13
314.1,9243.6
314.117,9174.38
314.133,9102.49
314.15,9027.91
314.167,8950.65
314.183,8870.71
314.2,8788.08
314.217,8702.78
314.233,8614.79
314.25,8524.12
314.267,8430.76
314.283,8334.73
314.3,8236.02
314.317,8134.62
314.333,8030.54
314.35,7923.77
314.367,7814.33
314.383,7702.2
314.4,7587.4
314.417,7469.91
314.433,7349.73
314.45,7226.88
314.467,7101.35
314.483,6973.13
314.5,6842.23
314.517,6708.65
314.533,6572.38
314.55,6433.44
314.567,6291.81
314.583,6147.5
314.6,6000.51
314.617,5850.84
314.633,5698.48
314.65,5543.45
314.667,5385.73
314.683,5225.33
314.7,5062.24
314.717,4896.48
314.733,4728.03
314.75,4556.9
314.767,4383.09
314.783,4206.6
314.8,4027.43
314.817,4027.43
314.833,4206.6
314.85,4383.09
314.867,4556.9
314.883,4728.03
314.9,4896.48
314.917,5062.24
314.933,5225.33
314.95,5364.86
314.967,5481.33
314.983,5595.6
315,5707.2
315.017,5816.11
315.033,5922.34
315.05,6025.89
315.067,6126.76
315.083,6224.94
315.1,6320.44
315.117,6413.27
315.133,6503.4
315.15,6590.86
315.167,6675.64
315.183,6757.73
315.2,6837.14
315.217,6913.87
315.233,6987.92
315.25,7059.28
315.267,7127.97
315.283,7193.97
315.3,7257.29
315.317,7317.92
315.333,7375.88
315.35,7431.15
315.367,7483.74
315.383,7533.65
315.4,7580.88
315.417,7625.43
315.433,7667.29
315.45,7706.47
315.467,7742.97
315.483,7776.79
315.5,7807.93
315.517,7836.38
315.533,7862.15
315.55,7885.24
315.567,7905.65
315.583,7923.38
315.6,7938.42
315.617,7950.79
315.633,7960.47
315.65,7967.46
315.667,7971.78
315.683,7973.42
315.7,7972.37
315.717,7968.64
315.733,7962.23
315.75,7953.14
315.767,7941.36
315.783,7926.9
315.8,7909.76
315.817,7889.94
315.833,7867.44
315.85,7842.26
315.867,7814.39
315.883,7783.84
315.9,7750.61
315.917,7714.7
315.933,7676.1
315.95,7634.83
315.967,7590.87
315.983,7544.23
316,7494.91
316.017,7442.9
316.033,7388.22
316.05,7330.85
316.067,7270.8
316.083,7208.07
316.1,7142.65
316.117,7074.56
316.133,7003.78
316.15,6930.32
316.167,6854.18
316.183,6775.35
316.2,6693.85
316.217,6609.66
316.233,6522.79
316.25,6433.24
316.267,6341.01
316.283,6246.09
316.3,6148.5
316.317,6048.22
316.333,5945.26
316.35,5839.61
316.367,5731.29
316.383,5620.28
316.4,5506.59
316.417,5390.22
316.433,5271.17
316.45,5149.43
316.467,5025.02
316.483,4897.92
316.5,4768.14
316.517,4635.68
316.533,4500.53
316.55,4362.71
316.567,4222.2
316.583,4079.01
316.6,3933.14
316.617,3933.14
316.633,4079.01
316.65,4222.2
316.667,4362.71
316.683,4500.53
316.7,4635.68
316.717,4768.14
316.733,4897.92
316.75,5025.02
316.767,5149.43
316.783,5271.17
316.8,5390.22
316.817,5506.59
316.833,5620.28
316.85,5731.29
316.867,5839.61
316.883,5945.26
316.9,6048.22
316.917,6148.5
316.933,6246.09
316.95,6341.01
316.967,6433.24
316.983,6522.79
317,6609.66
317.017,6693.85
317.033,6767.42
317.05,6830.83
317.067,6892.03
317.083,6950.55
317.1,7006.38
317.117,7059.53
317.133,7110
317.15,7157.79
317.167,7202.9
317.183,7245.32
317.2,7285.07
317.217,7322.13
317.233,7356.5
317.25,7388.2
317.267,7417.22
317.283,7443.55
317.3,7467.2
317.317,7488.17
317.333,7506.46
317.35,7522.06
317.367,7534.98
317.383,7545.23
317.4,7552.79
317.417,7557.66
317.433,7559.86
317.45,7559.37
317.467,7556.2
317.483,7550.35
317.5,7541.82
317.517,7530.61
317.533,7516.71
317.55,7500.13
317.567,7480.87
317.583,7458.93
317.6,7434.31
317.617,7407
317.633,7377.01
317.65,7344.34
317.667,7308.99
317.683,7270.96
317.7,7230.24
317.717,7186.84
317.733,7140.76
317.75,7092
317.767,7040.56
317.783,6986.43
317.8,6929.63
317.817,6870.14
317.833,6807.97
317.85,6743.11
317.867,6675.58
317.883,6605.36
317.9,6532.46
317.917,6456.88
317.933,6378.62
317.95,6297.67
317.967,6214.05
317.983,6127.74
318,6038.75
318.017,5947.07
318.033,5852.72
318.05,5755.68
318.067,5655.96
318.083,5553.56
318.1,5448.48
318.117,5340.72
318.133,5230.27
318.15,5117.14
318.167,5001.33
318.183,4882.84
318.2,4761.67
318.217,4637.81
318.233,4511.27
318.25,4382.05
318.267,4250.15
318.283,4115.57
318.3,3978.3
318.317,3978.3
318.333,4115.57
318.35,4250.15
318.367,4382.05
318.383,4511.27
318.4,4637.81
318.417,4761.67
318.433,4882.84
318.45,5001.33
318.467,5117.14
318.483,5230.27
318.5,5340.72
318.517,5448.48
318.533,5553.56
318.55,5655.97
318.567,5755.68
318.583,5852.72
318.6,5947.07
318.617,6038.75
318.633,6127.74
318.65,6214.05
318.667,6297.67
318.683,6378.62
318.7,6456.88
318.717,6532.46
318.733,6605.36
318.75,6675.58
318.767,6743.11
318.783,6807.97
318.8,6870.14
318.817,6929.63
318.833,6986.44
318.85,7034.46
318.867,7074.15
318.883,7111.61
318.9,7146.38
318.917,7178.47
318.933,7207.88
318.95,7234.61
318.967,7258.66
318.983,7280.02
319,7298.7
319.017,7314.7
319.033,7328.02
319.05,7338.66
319.067,7346.61
319.083,7351.88
319.1,7354.47
319.117,7354.38
319.133,7351.61
319.15,7346.15
319.167,7338.01
319.183,7327.19
319.2,7313.69
319.217,7297.51
319.233,7278.64
319.25,7257.09
319.267,7232.86
319.283,7205.95
319.3,7176.36
319.317,7144.09
319.333,7109.13
319.35,7071.49
319.367,7031.17
319.383,6988.17
319.4,6942.48
319.417,6894.11
319.433,6843.06
319.45,6789.33
319.467,6732.92
319.483,6673.83
319.5,6612.05
319.517,6547.59
319.533,6480.45
319.55,6410.63
319.567,6338.12
319.583,6262.94
319.6,6185.07
319.617,6104.52
319.633,6021.29
319.65,5935.37
319.667,5846.78
319.683,5755.5
319.7,5661.54
319.717,5564.9
319.733,5465.57
319.75,5363.57
319.767,5258.88
319.783,5151.51
319.8,5041.46
319.817,4928.72
319.833,4813.31
319.85,4695.21
319.867,4574.43
319.883,4450.97
319.9,4324.83
319.917,4196
319.933,4064.5
319.95,3930.31
319.967,3930.31
319.983,4064.5
320,4196
320.017,4324.83
320.033,4432.19
320.05,4518.54
320.067,4602.67
320.083,4684.11
320.1,4762.87
320.117,4838.95
320.133,4912.35
320.15,4983.07
320.167,5051.1
320.183,5116.45
320.2,5179.12
320.217,5239.11
320.233,5296.42
320.25,5351.04
320.267,5402.99
320.283,5452.25
320.3,5498.83
320.317,5542.72
320.333,5583.94
320.35,5622.47
320.367,5658.32
320.383,5691.49
320.4,5721.98
320.417,5749.78
320.433,5774.9
320.45,5797.35
320.467,5817.1
320.483,5834.18
320.5,5848.58
320.517,5860.29
320.533,5869.32
320.55,5875.67
320.567,5879.34
320.583,5880.32
320.6,5878.63
320.617,5874.25
320.633,5867.19
320.65,5857.45
320.667,5845.02
320.683,5829.92
320.7,5812.13
320.717,5791.66
320.733,5768.51
320.75,5742.67
320.767,5714.16
320.783,5682.96
320.8,5649.08
320.817,5612.52
320.833,5573.27
320.85,5531.35
320.867,5486.74
320.883,5439.45
320.9,5389.48
320.917,5336.83
320.933,5281.49
320.95,5223.47
320.967,5162.77
320.983,5099.39
321,5033.33
321.017,4964.59
321.033,4893.16
321.05,4819.05
321.067,4742.26
321.083,4662.79
321.1,4580.63
321.117,4495.79
321.133,4408.28
321.15,4318.07
321.167,4225.19
321.183,4129.63
321.2,4031.38
321.217,3930.45
321.233,3930.45
321.25,4031.38
321.267,4129.63
321.283,4225.19
321.3,4318.07
321.317,4408.28
321.333,4485.9
321.35,4551.41
321.367,4614.68
321.383,4675.27
321.4,4733.18
321.417,4788.41
321.433,4840.96
321.45,4890.82
321.467,4938
321.483,4982.5
321.5,5024.32
321.517,5063.46
321.533,5099.91
321.55,5133.68
321.567,5164.77
321.583,5193.18
321.6,5218.91
321.617,5241.95
321.633,5262.31
321.65,5279.99
321.667,5294.99
321.683,5307.31
321.7,5316.94
321.717,5323.9
321.733,5328.17
321.75,5329.75
321.767,5328.66
321.783,5324.89
321.8,5318.43
321.817,5309.29
321.833,5297.47
321.85,5282.97
321.867,5265.78
321.883,5245.91
321.9,5223.37
321.917,5198.14
321.933,5170.22
321.95,5139.63
321.967,5106.35
321.983,5070.39
322,5031.75
322.017,4990.43
322.033,4946.43
322.05,4899.74
322.067,4850.37
322.083,4798.32
322.1,4743.59
322.117,4686.18
322.133,4626.08
322.15,4563.3
322.167,4497.84
322.183,4429.7
322.2,4358.88
322.217,4285.37
322.233,4209.18
322.25,4130.31
322.267,4048.76
322.283,3964.53
322.3,3964.53
322.317,4048.76
322.333,4130.31
322.35,4209.18
322.367,4285.37
322.383,4358.88
322.4,4421.45
322.417,4473.55
322.433,4523.41
322.45,4570.6
322.467,4615.1
322.483,4656.92
322.5,4696.06
322.517,4732.51
322.533,4766.29
322.55,4797.38
322.567,4825.79
322.583,4851.52
322.6,4874.57
322.617,4894.93
322.633,4912.62
322.65,4927.62
322.667,4939.94
322.683,4949.57
322.7,4956.53
322.717,4960.8
322.733,4962.39
322.75,4961.3
322.767,4957.53
322.783,4951.07
322.8,4941.94
322.817,4930.12
322.833,4915.62
322.85,4898.44
322.867,4878.57
322.883,4856.02
322.9,4830.8
322.917,4802.89
322.933,4772.29
322.95,4739.02
322.967,4703.06
322.983,4664.43
323,4623.11
323.017,4579.1
323.033,4532.42
323.05,4483.05
323.067,4431.01
323.083,4376.28
323.1,4318.87
323.117,4258.77
323.133,4196
323.15,4130.54
323.167,4062.4
323.183,3991.58
323.2,3918.08
323.217,3918.08
323.233,3991.58
323.25,4062.4
323.267,4130.54
323.283,4196
323.3,4258.77
323.317,4318.87
323.333,4369.51
323.35,4411.15
323.367,4450.56
323.383,4487.29
323.4,4521.33
323.417,4552.7
323.433,4581.38
323.45,4607.38
323.467,4630.7
323.483,4651.34
323.5,4669.29
323.517,4684.56
323.533,4697.16
323.55,4707.06
323.567,4714.29
323.583,4718.84
323.6,4720.7
323.617,4719.88
323.633,4716.38
323.65,4710.2
323.667,4701.33
323.683,4689.79
323.7,4675.56
323.717,4658.65
323.733,4639.05
323.75,4616.78
323.767,4591.82
323.783,4564.18
323.8,4533.86
323.817,4500.86
323.833,4465.18
323.85,4426.81
323.867,4385.76
323.883,4342.03
323.9,4295.62
323.917,4246.53
323.933,4194.75
323.95,4140.3
323.967,4083.16
323.983,4023.33
324,3960.83
324.017,3960.83
324.033,4023.33
324.05,4083.16
324.067,4140.3
324.083,4194.75
324.1,4246.53
324.117,4289.72
324.133,4324.76
324.15,4357.57
324.167,4387.7
324.183,4415.15
324.2,4439.91
324.217,4461.99
324.233,4481.39
324.25,4498.11
324.267,4512.15
324.283,4523.51
324.3,4532.18
324.317,4538.17
324.333,4541.48
324.35,4542.11
324.367,4540.05
324.383,4535.32
324.4,4527.9
324.417,4517.8
324.433,4505.01
324.45,4489.55
324.467,4471.4
324.483,4450.58
324.5,4427.07
324.517,4400.87
324.533,4372
324.55,4340.44
324.567,4306.21
324.583,4269.29
324.6,4229.68
324.617,4187.4
324.633,4142.43
324.65,4094.79
324.667,4044.46
324.683,3991.45
324.7,3935.75
324.717,3935.75
324.733,3991.44
324.75,4044.46
324.767,4094.79
324.783,4142.43
324.8,4187.4
324.817,4229.68
324.833,4264.57
324.85,4292.51
324.867,4318.22
324.883,4341.24
324.9,4361.58
324.917,4379.24
324.933,4394.22
324.95,4406.52
324.967,4416.13
324.983,4423.06
325,4427.31
325.017,4428.88
325.033,4427.77
325.05,4423.97
325.067,4417.5
325.083,4408.34
325.1,4396.5
325.117,4381.97
325.133,4364.77
325.15,4344.88
325.167,4322.31
325.183,4297.06
325.2,4269.13
325.217,4238.51
325.233,4205.21
325.25,4169.24
325.267,4130.58
325.283,4089.23
325.3,4045.21
325.317,3998.5
325.333,3949.11
325.35,3949.11
325.367,3998.5
325.383,4045.21
325.4,4083.52
325.417,4113.88
325.433,4142.01
325.45,4167.46
325.467,4190.22
325.483,4210.3
325.5,4227.7
325.517,4242.42
325.533,4254.46
325.55,4263.81
325.567,4270.48
325.583,4274.47
325.6,4275.78
325.617,4274.41
325.633,4270.35
325.65,4263.61
325.667,4254.19
325.683,4242.09
325.7,4227.31
325.717,4209.84
325.733,4189.69
325.75,4166.86
325.767,4141.35
325.783,4113.16
325.8,4082.28
325.817,4048.73
325.833,4012.49
325.85,3973.57
325.867,3931.96
325.883,3931.96
325.9,3973.57
325.917,4007.8
325.933,4035.11
325.95,4060.19
325.967,4082.59
325.983,4102.31
326,4119.34
326.017,4133.7
326.033,4145.37
326.05,4154.36
326.067,4160.67
326.083,4164.29
326.1,4165.24
326.117,4163.5
326.133,4159.08
326.15,4151.98
326.167,4142.19
326.183,4129.73
326.2,4114.58
326.217,4096.75
326.233,4076.24
326.25,4053.04
326.267,4027.17
326.283,3998.61
326.3,3967.37
326.317,3933.45
326.333,3933.45
326.35,3967.37
326.367,3998.61
326.383,4027.17
326.4,4053.04
326.417,4076.24
326.433,4096.75
326.45,4113.05
326.467,4125.58
326.483,4135.88
326.5,4143.49
326.517,4148.42
326.533,4150.67
326.55,4150.24
326.567,4147.13
326.583,4141.33
326.6,4132.85
326.617,4121.69
326.633,4107.85
326.65,4091.33
326.667,4072.12
326.683,4050.24
326.7,4025.67
326.717,3998.42
326.733,3968.48
326.75,3935.87
326.767,3935.87
326.783,3968.48
326.8,3998.42
326.817,4025.67
326.833,4050.24
326.85,4069.24
326.867,4083.12
326.883,4094.77
326.9,4103.74
326.917,4110.03
326.933,4113.63
326.95,4114.55
326.967,4112.79
326.983,4108.35
327,4101.23
327.017,4091.42
327.033,4078.94
327.05,4063.77
327.067,4045.92
327.083,4025.38
327.1,4002.17
327.117,3976.27
327.133,3947.69
327.15,3947.69
327.167,3976.27
327.183,3998.74
327.2,4015.54
327.217,4030.1
327.233,4041.99
327.25,4051.19
327.267,4057.71
327.283,4061.55
327.3,4062.7
327.317,4061.18
327.333,4056.97
327.35,4050.08
327.367,4040.51
327.383,4028.26
327.4,4013.32
327.417,3995.7
327.433,3975.4
327.45,3952.42
327.467,3952.42
327.483,3972.66
327.5,3987.92
327.517,4000.94
327.533,4011.29
327.55,4018.95
327.567,4023.93
327.583,4026.23
327.6,4025.85
327.617,4022.78
327.633,4017.03
327.65,4008.6
327.667,3997.49
327.683,3983.7
327.7,3967.22
327.717,3948.07
327.733,3948.07
327.75,3967.22
327.767,3983.7
327.783,3996.1
327.8,4004.89
327.817,4011.44
327.833,4015.3
327.85,4016.49
327.867,4014.99
327.883,4010.81
327.9,4003.94
327.917,3994.4
327.933,3982.17
327.95,3967.27
327.967,3949.68
327.983,3949.68
328,3967.27
328.017,3980.29
328.033,3989.2
328.05,3995.87
328.067,3999.86
328.083,4001.17
328.1,3999.8
328.117,3995.74
328.133,3989
328.15,3979.58
328.167,3967.48
328.183,3952.7
328.2,3935.23
328.217,3935.23
328.233,3950.45
328.25,3961.17
328.267,3969.67
328.283,3975.48
328.3,3978.61
328.317,3979.05
328.333,3976.82
328.35,3971.9
328.367,3964.3
328.383,3954.02
328.4,3941.06
328.417,3941.06
328.433,3954.02
328.45,3963.29
328.467,3969.33
328.483,3973.12
328.5,3974.24
328.517,3972.67
328.533,3968.42
328.55,3961.49
328.567,3951.88
328.583,3939.58
328.6,3939.58
328.617,3951.88
328.633,3960.35
328.65,3965.45
328.667,3968.32
328.683,3968.5
328.7,3965.99
328.717,3960.81
328.733,3952.94
328.75,3942.4
328.767,3942.4
328.783,3951.62
328.8,3957.27
328.817,3960.7
328.833,3961.44
328.85,3959.5
328.867,3954.87
328.883,3947.57
328.9,3937.58
328.917,3937.58
328.933,3946.38
328.95,3951.76
328.967,3954.9
328.983,3955.36
329,3953.14
329.017,3948.23
329.033,3940.65
329.05,3940.65
329.067,3947.41
329.083,3951.11
329.1,3952.58
329.117,3951.37
329.133,3947.48
329.15,3940.9
329.167,3940.9
329.183,3946.75
329.2,3949.63
329.217,3950.28
329.233,3948.24
329.25,3943.53
329.267,3943.53
329.283,3947.77
329.3,3949.32
329.317,3948.63
329.333,3945.26
329.35,3939.2
329.367,3939.2
329.383,3945.25
329.4,3948.63
329.417,3949.32
329.433,3947.32
329.45,3942.65
329.467,3942.65
329.483,3947.32
329.5,3950.21
329.517,3951.76
329.533,3951.52
329.55,3949.49
329.567,3945.67
329.583,3940.06
329.6,3940.06
329.617,3945.22
329.633,3947.7
329.65,3947.5
329.667,3944.62
329.683,3939.05
329.7,3939.05
329.717,3944.62
329.733,3947.5
329.75,3947.71
329.767,3945.22
329.783,3940.06
329.8,3940.06
329.817,3945.22
329.833,3947.7
329.85,3947.5
329.867,3944.62
329.883,3939.05
329.9,3939.05
329.917,3944.62
329.933,3947.5
329.95,3947.71
329.967,3945.22
329.983,3940.06
330,3940.06
330.017,3945.22
330.033,3947.7
330.05,3947.5
330.067,3944.62
330.083,3939.05
330.1,3939.05
330.117,3944.62
330.133,3947.5
330.15,3947.71
330.167,3945.22
330.183,3940.06
330.2,3940.06
330.217,3945.22
330.233,3947.7
330.25,3947.5
330.267,3944.62
330.283,3939.05
330.3,3939.05
330.317,3944.62
330.333,3947.5
330.35,3947.71
330.367,3945.22
330.383,3940.06
330.4,3940.06
330.417,3945.22
330.433,3947.7
330.45,3947.5
330.467,3944.62
330.483,3939.05
330.5,3939.05
330.517,3944.62
330.533,3947.5
330.55,3947.71
330.567,3945.22
330.583,3940.06
330.6,3940.06
330.617,3945.22
330.633,3947.7
330.65,3947.5
330.667,3944.62
330.683,3939.05
330.7,3939.05
330.717,3944.62
330.733,3947.5
330.75,3947.71
330.767,3945.22
330.783,3940.06
330.8,3940.06
330.817,3945.22
330.833,3947.7
330.85,3947.5
330.867,3944.62
330.883,3939.05
330.9,3939.05
330.917,3944.62
330.933,3947.5
330.95,3947.71
330.967,3945.22
330.983,3940.06
331,3940.06
331.017,3945.22
331.033,3947.7
331.05,3947.5
331.067,3944.62
331.083,3939.05
331.1,3939.05
331.117,3944.62
331.133,3947.5
331.15,3947.71
331.167,3945.22
331.183,3940.06
331.2,3940.06
331.217,3945.22
331.233,3947.7
331.25,3947.5
331.267,3944.62
331.283,3939.05
331.3,3939.05
331.317,3944.62
331.333,3947.5
331.35,3947.71
331.367,3945.22
331.383,3940.06
331.4,3940.06
331.417,3945.22
331.433,3947.7
331.45,3947.5
331.467,3944.62
331.483,3939.05
331.5,3939.05
331.517,3944.62
331.533,3947.5
331.55,3947.71
331.567,3945.22
331.583,3940.06
331.6,3940.06
331.617,3945.22
331.633,3947.7
331.65,3947.5
331.667,3944.62
331.683,3939.05
331.7,3939.05
331.717,3944.62
331.733,3947.5
331.75,3947.71
331.767,3945.22
331.783,3940.06
331.8,3940.06
331.817,3945.22
331.833,3947.7
331.85,3947.5
331.867,3944.62
331.883,3939.05
331.9,3939.05
331.917,3944.62
331.933,3947.5
331.95,3947.71
331.967,3945.22
331.983,3940.06
332,3940.06
332.017,3945.22
332.033,3947.7
332.05,3947.5
332.067,3944.62
332.083,3939.05
332.1,3939.05
332.117,3944.62
332.133,3947.5
332.15,3947.71
332.167,3945.22
332.183,3940.06
332.2,3940.06
332.217,3945.22
332.233,3947.7
332.25,3947.5
332.267,3944.62
332.283,3939.05
332.3,3939.05
332.317,3944.62
332.333,3947.5
332.35,3947.71
332.367,3945.22
332.383,3940.06
332.4,3940.06
332.417,3945.22
332.433,3947.7
332.45,3947.5
332.467,3944.62
332.483,3939.05
332.5,3939.05
332.517,3944.62
332.533,3947.5
332.55,3947.71
332.567,3945.22
332.583,3940.06
332.6,3940.06
332.617,3945.22
332.633,3947.7
332.65,3947.5
332.667,3944.62
332.683,3939.05
332.7,3939.05
332.717,3944.62
332.733,3947.5
332.75,3947.71
332.767,3945.22
332.783,3940.06
332.8,3940.06
332.817,3945.22
332.833,3947.7
332.85,3947.5
332.867,3944.62
332.883,3939.05
332.9,3939.05
332.917,3944.62
332.933,3947.5
332.95,3947.7
332.967,3945.22
332.983,3940.06
333,3940.06
333.017,3945.22
333.033,3947.7
333.05,3947.5
333.067,3944.62
333.083,3939.05
333.1,3939.05
333.117,3944.62
333.133,3947.5
333.15,3947.7
333.167,3945.22
333.183,3940.06
333.2,3940.06
333.217,3945.22
333.233,3947.7
333.25,3947.5
333.267,3944.62
333.283,3939.05
333.3,3939.05
333.317,3944.62
333.333,3947.5
333.35,3947.7
333.367,3945.22
333.383,3940.06
333.4,3940.06
333.417,3945.22
333.433,3947.7
333.45,3947.5
333.467,3944.62
333.483,3939.05
333.5,3939.05
333.517,3944.62
333.533,3947.5
333.55,3947.7
333.567,3945.22
333.583,3940.06
333.6,3940.06
333.617,3945.22
333.633,3947.7
333.65,3947.5
333.667,3944.62
333.683,3939.05
333.7,3939.05
333.717,3944.62
333.733,3947.5
333.75,3947.7
333.767,3945.22
333.783,3940.06
333.8,3940.06
333.817,3945.22
333.833,3947.7
333.85,3947.5
333.867,3944.62
333.883,3939.05
333.9,3939.05
333.917,3944.62
333.933,3947.5
333.95,3947.7
333.967,3945.22
333.983,3940.06
334,3940.06
334.017,3945.22
334.033,3947.7
334.05,3947.5
334.067,3944.62
334.083,3939.05
334.1,3939.05
334.117,3944.62
334.133,3947.5
334.15,3947.7
334.167,3945.22
334.183,3940.06
334.2,3940.06
334.217,3945.22
334.233,3947.7
334.25,3947.5
334.267,3944.62
334.283,3939.05
334.3,3939.05
334.317,3944.62
334.333,3947.5
334.35,3947.7
334.367,3945.22
334.383,3940.06
334.4,3940.06
334.417,3945.22
334.433,3947.7
334.45,3947.5
334.467,3944.62
334.483,3939.05
334.5,3939.05
334.517,3944.62
334.533,3947.5
334.55,3947.7
334.567,3945.22
334.583,3940.06
334.6,3940.06
334.617,3945.22
334.633,3947.7
334.65,3947.5
334.667,3944.62
334.683,3939.05
334.7,3939.05
334.717,3944.62
334.733,3947.5
334.75,3947.7
334.767,3945.22
334.783,3940.06
334.8,3940.06
334.817,3945.22
334.833,3947.7
334.85,3947.5
334.867,3944.62
334.883,3939.05
334.9,3939.05
334.917,3944.62
334.933,3947.5
334.95,3947.7
334.967,3945.22
334.983,3940.06
335,3940.06
335.017,3945.22
335.033,3947.7
335.05,3947.5
335.067,3944.62
335.083,3939.05
335.1,3939.05
335.117,3944.62
335.133,3947.5
335.15,3947.7
335.167,3945.22
335.183,3940.06
335.2,3940.06
335.217,3945.22
335.233,3947.7
335.25,3947.5
335.267,3944.62
335.283,3939.05
335.3,3939.05
335.317,3944.62
335.333,3947.5
335.35,3947.7
335.367,3945.22
335.383,3940.06
335.4,3940.06
335.417,3945.22
335.433,3947.7
335.45,3947.5
335.467,3944.62
335.483,3939.05
335.5,3939.05
335.517,3944.62
335.533,3947.5
335.55,3947.7
335.567,3945.22
335.583,3940.06
335.6,3940.06
335.617,3945.22
335.633,3947.7
335.65,3947.5
335.667,3944.62
335.683,3939.05
335.7,3939.05
335.717,3944.62
335.733,3947.5
335.75,3947.7
335.767,3945.22
335.783,3940.06
335.8,3940.06
335.817,3945.22
335.833,3947.7
335.85,3947.5
335.867,3944.62
335.883,3939.05
335.9,3939.05
335.917,3944.62
335.933,3947.5
335.95,3947.7
335.967,3945.22
335.983,3940.06
336,3940.06
336.017,3945.22
336.033,3947.7
336.05,3947.5
336.067,3944.62
336.083,3939.05
336.1,3939.05
336.117,3944.62
336.133,3947.5
336.15,3947.7
336.167,3945.22
336.183,3940.06
336.2,3940.06
336.217,3945.22
336.233,3947.7
336.25,3947.5
336.267,3944.62
336.283,3939.05
336.3,3939.05
336.317,3944.62
336.333,3947.5
336.35,3947.7
336.367,3945.22
336.383,3940.06
336.4,3940.06
336.417,3945.22
336.433,3947.7
336.45,3947.5
336.467,3944.62
336.483,3939.05
336.5,3939.05
336.517,3944.62
336.533,3947.5
336.55,3947.7
336.567,3945.22
336.583,3940.06
336.6,3940.06
336.617,3945.22
336.633,3947.7
336.65,3947.5
336.667,3944.62
336.683,3939.05
336.7,3939.05
336.717,3944.62
336.733,3947.5
336.75,3947.7
336.767,3945.22
336.783,3940.06
336.8,3940.06
336.817,3945.22
336.833,3947.7
336.85,3947.5
336.867,3944.62
336.883,3939.05
336.9,3939.05
336.917,3944.62
336.933,3947.5
336.95,3947.7
336.967,3945.22
336.983,3940.06
337,3940.06
337.017,3945.22
337.033,3947.7
337.05,3947.5
337.067,3944.62
337.083,3939.05
337.1,3939.05
337.117,3944.62
337.133,3947.5
337.15,3947.7
337.167,3945.22
337.183,3940.06
337.2,3940.06
337.217,3945.22
337.233,3947.7
337.25,3947.5
337.267,3944.62
337.283,3939.05
337.3,3939.05
337.317,3944.62
337.333,3947.5
337.35,3947.7
337.367,3945.22
337.383,3940.06
337.4,3940.06
337.417,3945.22
337.433,3947.7
337.45,3947.5
337.467,3944.62
337.483,3939.05
337.5,3939.05
337.517,3944.62
337.533,3947.5
337.55,3947.7
337.567,3945.22
337.583,3940.06
337.6,3940.06
337.617,3945.22
337.633,3947.7
337.65,3947.5
337.667,3944.62
337.683,3939.05
337.7,3939.05
337.717,3944.62
337.733,3947.5
337.75,3947.7
337.767,3945.22
337.783,3940.06
337.8,3940.06
337.817,3945.22
337.833,3947.7
337.85,3947.5
337.867,3944.62
337.883,3939.05
337.9,3939.05
337.917,3944.62
337.933,3947.5
337.95,3947.7
337.967,3945.22
337.983,3940.06
338,3940.06
338.017,3945.22
338.033,3947.7
338.05,3947.5
338.067,3944.62
338.083,3939.05
338.1,3939.05
338.117,3944.62
338.133,3947.5
338.15,3947.7
338.167,3945.22
338.183,3940.06
338.2,3940.06
338.217,3945.22
338.233,3947.7
338.25,3947.5
338.267,3944.62
338.283,3939.05
338.3,3939.05
338.317,3944.62
338.333,3947.5
338.35,3947.7
338.367,3945.22
338.383,3940.06
338.4,3940.06
338.417,3945.22
338.433,3947.7
338.45,3947.5
338.467,3944.62
338.483,3939.05
338.5,3939.05
338.517,3944.62
338.533,3947.5
338.55,3947.7
338.567,3945.22
338.583,3940.06
338.6,3940.06
338.617,3945.22
338.633,3947.7
338.65,3947.5
338.667,3944.62
338.683,3939.05
338.7,3939.05
338.717,3944.62
338.733,3947.5
338.75,3947.7
338.767,3945.22
338.783,3940.06
338.8,3940.06
338.817,3945.22
338.833,3947.7
338.85,3947.5
338.867,3944.62
338.883,3939.05
338.9,3939.05
338.917,3944.62
338.933,3947.5
338.95,3947.7
338.967,3945.22
338.983,3940.06
339,3940.06
339.017,3945.22
339.033,3947.7
339.05,3947.5
339.067,3944.62
339.083,3939.05
339.1,3939.05
339.117,3944.62
339.133,3947.5
339.15,3947.7
339.167,3945.22
339.183,3940.06
339.2,3940.06
339.217,3945.22
339.233,3947.7
339.25,3947.5
339.267,3944.62
339.283,3939.05
339.3,3939.05
339.317,3944.62
339.333,3947.5
339.35,3947.7
339.367,3945.22
339.383,3940.06
339.4,3940.06
339.417,3945.22
339.433,3947.7
339.45,3947.5
339.467,3944.62
339.483,3939.05
339.5,3939.05
339.517,3944.62
339.533,3947.5
339.55,3947.7
339.567,3945.22
339.583,3940.06
339.6,3940.06
339.617,3945.22
339.633,3947.7
339.65,3947.5
339.667,3944.62
339.683,3939.05
339.7,3939.05
339.717,3944.62
339.733,3947.5
339.75,3947.7
339.767,3945.22
339.783,3940.06
339.8,3940.06
339.817,3945.22
339.833,3947.7
339.85,3947.5
339.867,3944.62
339.883,3939.05
339.9,3939.05
339.917,3944.62
339.933,3947.5
339.95,3947.7
339.967,3945.22
339.983,3940.06
340,3940.06
340.017,3945.22
340.033,3947.7
340.05,3947.5
340.067,3944.62
340.083,3939.05
340.1,3939.05
340.117,3944.62
340.133,3947.5
340.15,3947.7
340.167,3945.22
340.183,3940.06
340.2,3940.06
340.217,3945.22
340.233,3947.7
340.25,3947.5
340.267,3944.62
340.283,3939.05
340.3,3939.05
340.317,3944.62
340.333,3947.5
340.35,3947.7
340.367,3945.22
340.383,3940.06
340.4,3940.06
340.417,3945.22
340.433,3947.7
340.45,3947.5
340.467,3944.62
340.483,3939.05
340.5,3939.05
340.517,3944.62
340.533,3947.5
340.55,3947.7
340.567,3945.22
340.583,3940.06
340.6,3940.06
340.617,3945.22
340.633,3947.7
340.65,3947.5
340.667,3944.62
340.683,3939.05
340.7,3939.05
340.717,3944.62
340.733,3947.5
340.75,3947.7
340.767,3945.22
340.783,3940.06
340.8,3940.06
340.817,3945.22
340.833,3947.7
340.85,3947.5
340.867,3944.62
340.883,3939.05
340.9,3939.05
340.917,3944.62
340.933,3947.5
340.95,3947.7
340.967,3945.22
340.983,3940.06
341,3940.06
341.017,3945.22
341.033,3947.7
341.05,3947.5
341.067,3944.62
341.083,3939.05
341.1,3939.05
341.117,3944.62
341.133,3947.5
341.15,3947.7
341.167,3945.22
341.183,3940.06
341.2,3940.06
341.217,3945.22
341.233,3947.7
341.25,3947.5
341.267,3944.62
341.283,3939.05
341.3,3939.05
341.317,3944.62
341.333,3947.5
341.35,3947.7
341.367,3945.22
341.383,3940.06
341.4,3940.06
341.417,3945.22
341.433,3947.7
341.45,3947.5
341.467,3944.62
341.483,3939.05
341.5,3939.05
341.517,3944.62
341.533,3947.5
341.55,3947.7
341.567,3945.22
341.583,3940.06
341.6,3940.06
341.617,3945.22
341.633,3947.7
341.65,3947.5
341.667,3944.62
341.683,3939.05
341.7,3939.05
341.717,3944.62
341.733,3947.5
341.75,3947.7
341.767,3945.22
341.783,3940.06
341.8,3940.06
341.817,3945.22
341.833,3947.7
341.85,3947.5
341.867,3944.62
341.883,3939.05
341.9,3939.05
341.917,3944.62
341.933,3947.5
341.95,3947.7
341.967,3945.22
341.983,3940.06
342,3940.06
342.017,3945.22
342.033,3947.7
342.05,3947.5
342.067,3944.62
342.083,3939.05
342.1,3939.05
342.117,3944.62
342.133,3947.5
342.15,3947.7
342.167,3945.22
342.183,3940.06
342.2,3940.06
342.217,3945.22
342.233,3947.7
342.25,3947.5
342.267,3944.62
342.283,3939.05
342.3,3939.05
342.317,3944.62
342.333,3947.5
342.35,3947.7
342.367,3945.22
342.383,3940.06
342.4,3940.06
342.417,3945.22
342.433,3947.7
342.45,3947.5
342.467,3944.62
342.483,3939.05
342.5,3939.05
342.517,3944.62
342.533,3947.5
342.55,3947.7
342.567,3945.22
342.583,3940.06
342.6,3940.06
342.617,3945.22
342.633,3947.7
342.65,3947.5
342.667,3944.62
342.683,3939.05
342.7,3939.05
342.717,3944.62
342.733,3947.5
342.75,3947.7
342.767,3945.22
342.783,3940.06
342.8,3940.06
342.817,3945.22
342.833,3947.7
342.85,3947.5
342.867,3944.62
342.883,3939.05
342.9,3939.05
342.917,3944.62
342.933,3947.5
342.95,3947.7
342.967,3945.22
342.983,3940.06
343,3940.06
343.017,3945.22
343.033,3947.7
343.05,3947.5
343.067,3944.62
343.083,3939.05
343.1,3939.05
343.117,3944.62
343.133,3947.5
343.15,3947.7
343.167,3945.22
343.183,3940.06
343.2,3940.06
343.217,3945.22
343.233,3947.7
343.25,3947.5
343.267,3944.62
343.283,3939.05
343.3,3939.05
343.317,3944.62
343.333,3947.5
343.35,3947.7
343.367,3945.22
343.383,3940.06
343.4,3940.06
343.417,3945.22
343.433,3947.7
343.45,3947.5
343.467,3944.62
343.483,3939.05
343.5,3939.05
343.517,3944.62
343.533,3947.5
343.55,3947.7
343.567,3945.22
343.583,3940.06
343.6,3940.06
343.617,3945.22
343.633,3947.7
343.65,3947.5
343.667,3944.62
343.683,3939.05
343.7,3939.05
343.717,3944.62
343.733,3947.5
343.75,3947.7
343.767,3945.22
343.783,3940.06
343.8,3940.06
343.817,3945.22
343.833,3947.7
343.85,3947.5
343.867,3944.62
343.883,3939.05
343.9,3939.05
343.917,3944.62
343.933,3947.5
343.95,3947.7
343.967,3945.22
343.983,3940.06
344,3940.06
344.017,3945.22
344.033,3947.7
344.05,3947.5
344.067,3944.62
344.083,3939.05
344.1,3939.05
344.117,3944.62
344.133,3947.5
344.15,3947.7
344.167,3945.22
344.183,3940.06
344.2,3940.06
344.217,3945.22
344.233,3947.7
344.25,3947.5
344.267,3944.62
344.283,3939.05
344.3,3939.05
344.317,3944.62
344.333,3947.5
344.35,3947.7
344.367,3945.22
344.383,3940.06
344.4,3940.06
344.417,3945.22
344.433,3947.7
344.45,3947.5
344.467,3944.62
344.483,3939.05
344.5,3939.05
344.517,3944.62
344.533,3947.5
344.55,3947.7
344.567,3945.22
344.583,3940.06
344.6,3940.06
344.617,3945.22
344.633,3947.7
344.65,3947.5
344.667,3944.62
344.683,3939.05
344.7,3939.05
344.717,3944.62
344.733,3947.5
344.75,3947.7
344.767,3945.22
344.783,3940.06
344.8,3940.06
344.817,3945.22
344.833,3947.7
344.85,3947.5
344.867,3944.62
344.883,3939.05
344.9,3939.05
344.917,3944.62
344.933,3947.5
344.95,3947.7
344.967,3945.22
344.983,3940.06
345,3940.06
345.017,3945.22
345.033,3947.7
345.05,3947.5
345.067,3944.62
345.083,3939.05
345.1,3939.05
345.117,3944.62
345.133,3947.5
345.15,3947.7
345.167,3945.22
345.183,3940.06
345.2,3940.06
345.217,3945.22
345.233,3947.7
345.25,3947.5
345.267,3944.62
345.283,3939.05
345.3,3939.05
345.317,3944.62
345.333,3947.5
345.35,3947.7
345.367,3945.22
345.383,3940.06
345.4,3940.06
345.417,3945.22
345.433,3947.7
345.45,3947.5
345.467,3944.62
345.483,3939.05
345.5,3939.05
345.517,3944.62
345.533,3947.5
345.55,3947.7
345.567,3945.22
345.583,3940.06
345.6,3940.06
345.617,3945.22
345.633,3947.7
345.65,3947.5
345.667,3944.62
345.683,3939.05
345.7,3939.05
345.717,3944.62
345.733,3947.5
345.75,3947.7
345.767,3945.22
345.783,3940.06
345.8,3940.06
345.817,3945.22
345.833,3947.7
345.85,3947.5
345.867,3944.62
345.883,3939.05
345.9,3939.05
345.917,3944.62
345.933,3947.5
345.95,3947.7
345.967,3945.22
345.983,3940.06
346,3940.06
346.017,3945.22
346.033,3947.7
346.05,3947.5
346.067,3944.62
346.083,3939.05
346.1,3939.05
346.117,3944.62
346.133,3947.5
346.15,3947.7
346.167,3945.22
346.183,3940.06
346.2,3940.06
346.217,3945.22
346.233,3947.7
346.25,3947.5
346.267,3944.62
346.283,3939.05
346.3,3939.05
346.317,3944.62
346.333,3947.5
346.35,3947.7
346.367,3945.22
346.383,3940.06
346.4,3940.06
346.417,3945.22
346.433,3947.7
346.45,3947.5
346.467,3944.62
346.483,3939.05
346.5,3939.05
346.517,3944.62
346.533,3947.5
346.55,3947.7
346.567,3945.22
346.583,3940.06
346.6,3940.06
346.617,3945.22
346.633,3947.7
346.65,3947.5
346.667,3944.62
346.683,3939.05
346.7,3939.05
346.717,3944.62
346.733,3947.5
346.75,3947.7
346.767,3945.22
346.783,3940.06
346.8,3940.06
346.817,3945.22
346.833,3947.7
346.85,3947.5
346.867,3944.62
346.883,3939.05
346.9,3939.05
346.917,3944.62
346.933,3947.5
346.95,3947.7
346.967,3945.22
346.983,3940.06
347,3940.06
347.017,3945.22
347.033,3947.7
347.05,3947.5
347.067,3944.62
347.083,3939.05
347.1,3939.05
347.117,3944.62
347.133,3947.5
347.15,3947.7
347.167,3945.22
347.183,3940.06
347.2,3940.06
347.217,3945.22
347.233,3947.7
347.25,3947.5
347.267,3944.62
347.283,3939.05
347.3,3939.05
347.317,3944.62
347.333,3947.5
347.35,3947.7
347.367,3945.22
347.383,3940.06
347.4,3940.06
347.417,3945.22
347.433,3947.7
347.45,3947.5
347.467,3944.62
347.483,3939.05
347.5,3939.05
347.517,3944.62
347.533,3947.5
347.55,3947.7
347.567,3945.22
347.583,3940.06
347.6,3940.06
347.617,3945.22
347.633,3947.7
347.65,3947.5
347.667,3944.62
347.683,3939.05
347.7,3939.05
347.717,3944.62
347.733,3947.5
347.75,3947.7
347.767,3945.22
347.783,3940.06
347.8,3940.06
347.817,3945.22
347.833,3947.7
347.85,3947.5
347.867,3944.62
347.883,3939.05
347.9,3939.05
347.917,3944.62
347.933,3947.5
347.95,3947.7
347.967,3945.22
347.983,3940.06
348,3940.06
348.017,3945.22
348.033,3947.7
348.05,3947.5
348.067,3944.62
348.083,3939.05
348.1,3939.05
348.117,3944.62
348.133,3947.5
348.15,3947.7
348.167,3945.22
348.183,3940.06
348.2,3940.06
348.217,3945.22
348.233,3947.7
348.25,3947.5
348.267,3944.62
348.283,3939.05
348.3,3939.05
348.317,3944.62
348.333,3947.5
348.35,3947.7
348.367,3945.22
348.383,3940.06
348.4,3940.06
348.417,3945.22
348.433,3947.7
348.45,3947.5
348.467,3944.62
348.483,3939.05
348.5,3939.05
348.517,3944.62
348.533,3947.5
348.55,3947.7
348.567,3945.22
348.583,3940.06
348.6,3940.06
348.617,3945.22
348.633,3947.7
348.65,3947.5
348.667,3944.62
348.683,3939.05
348.7,3939.05
348.717,3944.62
348.733,3947.5
348.75,3947.7
348.767,3945.22
348.783,3940.06
348.8,3940.06
348.817,3945.22
348.833,3947.7
348.85,3947.5
348.867,3944.62
348.883,3939.05
348.9,3939.05
348.917,3944.62
348.933,3947.5
348.95,3947.7
348.967,3945.22
348.983,3940.06
349,3940.06
349.017,3945.22
349.033,3947.7
349.05,3947.5
349.067,3944.62
349.083,3939.05
349.1,3939.05
349.117,3944.62
349.133,3947.5
349.15,3947.7
349.167,3945.22
349.183,3940.06
349.2,3940.06
349.217,3945.22
349.233,3947.7
349.25,3947.5
349.267,3944.62
349.283,3939.05
349.3,3939.05
349.317,3944.62
349.333,3947.5
349.35,3947.7
349.367,3945.22
349.383,3940.06
349.4,3940.06
349.417,3945.22
349.433,3947.7
349.45,3947.5
349.467,3944.62
349.483,3939.05
349.5,3939.05
349.517,3944.62
349.533,3947.5
349.55,3947.7
349.567,3945.22
349.583,3940.06
349.6,3940.06
349.617,3945.22
349.633,3947.7
349.65,3947.5
349.667,3944.62
349.683,3939.05
349.7,3939.05
349.717,3944.62
349.733,3947.5
349.75,3947.7
349.767,3945.22
349.783,3940.06
349.8,3940.06
349.817,3945.22
349.833,3947.7
349.85,3947.5
349.867,3944.62
349.883,3939.05
349.9,3939.05
349.917,3944.62
349.933,3947.5
349.95,3947.7
349.967,3945.22
349.983,3940.06
350,3940.06
350.017,3945.22
350.033,3947.7
350.05,3947.5
350.067,3944.62
350.083,3939.05
350.1,3939.05
350.117,3944.62
350.133,3947.5
350.15,3947.7
350.167,3945.22
350.183,3940.06
350.2,3940.06
350.217,3945.22
350.233,3947.7
350.25,3947.5
350.267,3944.62
350.283,3939.05
350.3,3939.05
350.317,3944.62
350.333,3947.5
350.35,3947.7
350.367,3945.22
350.383,3940.06
350.4,3940.06
350.417,3945.22
350.433,3947.7
350.45,3947.5
350.467,3944.62
350.483,3939.05
350.5,3939.05
350.517,3944.62
350.533,3947.5
350.55,3947.7
350.567,3945.22
350.583,3940.06
350.6,3940.06
350.617,3945.22
350.633,3947.7
350.65,3947.5
350.667,3944.62
350.683,3939.05
350.7,3939.05
350.717,3944.62
350.733,3947.5
350.75,3947.7
350.767,3945.22
350.783,3940.06
350.8,3940.06
350.817,3945.22
350.833,3947.7
350.85,3947.5
350.867,3944.62
350.883,3939.05
350.9,3939.05
350.917,3944.62
350.933,3947.5
350.95,3947.7
350.967,3945.22
350.983,3940.06
351,3940.06
351.017,3945.22
351.033,3947.7
351.05,3947.5
351.067,3944.62
351.083,3939.05
351.1,3939.05
351.117,3944.62
351.133,3947.5
351.15,3947.7
351.167,3945.22
351.183,3940.06
351.2,3940.06
351.217,3945.22
351.233,3947.7
351.25,3947.5
351.267,3944.62
351.283,3939.05
351.3,3939.05
351.317,3944.62
351.333,3947.5
351.35,3947.7
351.367,3945.22
351.383,3940.06
351.4,3940.06
351.417,3945.22
351.433,3947.7
351.45,3947.5
351.467,3944.62
351.483,3939.05
351.5,3939.05
351.517,3944.62
351.533,3947.5
351.55,3947.7
351.567,3945.22
351.583,3940.06
351.6,3940.06
351.617,3945.22
351.633,3947.7
351.65,3947.5
351.667,3944.62
351.683,3939.05
351.7,3939.05
351.717,3944.62
351.733,3947.5
351.75,3947.7
351.767,3945.22
351.783,3940.06
351.8,3940.06
351.817,3945.22
351.833,3947.7
351.85,3947.5
351.867,3944.62
351.883,3939.05
351.9,3939.05
351.917,3944.62
351.933,3947.5
351.95,3947.7
351.967,3945.22
351.983,3940.06
352,3940.06
352.017,3945.22
352.033,3947.7
352.05,3947.5
352.067,3944.62
352.083,3939.05
352.1,3939.05
352.117,3944.62
352.133,3947.5
352.15,3947.7
352.167,3945.22
352.183,3940.06
352.2,3940.06
352.217,3945.22
352.233,3947.7
352.25,3947.5
352.267,3944.62
352.283,3939.05
352.3,3939.05
352.317,3944.62
352.333,3947.5
352.35,3947.7
352.367,3945.22
352.383,3940.06
352.4,3940.06
352.417,3945.22
352.433,3947.7
352.45,3947.5
352.467,3944.62
352.483,3939.05
352.5,3939.05
352.517,3944.62
352.533,3947.5
352.55,3947.7
352.567,3945.22
352.583,3940.06
352.6,3940.06
352.617,3945.22
352.633,3947.7
352.65,3947.5
352.667,3944.62
352.683,3939.05
352.7,3939.05
352.717,3944.62
352.733,3947.5
352.75,3947.7
352.767,3945.22
352.783,3940.06
352.8,3940.06
352.817,3945.22
352.833,3947.7
352.85,3947.5
352.867,3944.62
352.883,3939.05
352.9,3939.05
352.917,3944.62
352.933,3947.5
352.95,3947.7
352.967,3945.22
352.983,3940.06
353,3940.06
353.017,3945.22
1.#QNAN,1.#QNAN
